filename,width,height,class,xmin,ymin,xmax,ymax
iron-man-1-robert-downey-jr-1024x650.jpg,767,431,person,39,33,687,431
MV5BM2I2ZWMyOWItZTdmNS00ZDMxLWI2NjEtOWZmYjEyYjYxNTJmXkEyXkFqcGdeQXVyNjc5Mjg0NjU@._V1_SY1000_SX1500_AL_.jpg,1500,1000,person,13,39,479,1000
MV5BM2I2ZWMyOWItZTdmNS00ZDMxLWI2NjEtOWZmYjEyYjYxNTJmXkEyXkFqcGdeQXVyNjc5Mjg0NjU@._V1_SY1000_SX1500_AL_.jpg,1500,1000,person,687,226,1118,991
MV5BMDIwOWQyZDgtZDUxOS00MTAyLTljMTAtMTVmOWE5NjhjNDI3XkEyXkFqcGdeQXVyMjQwMDg0Ng@@._V1_.jpg,1255,703,person,126,30,660,703
MV5BMDIwOWQyZDgtZDUxOS00MTAyLTljMTAtMTVmOWE5NjhjNDI3XkEyXkFqcGdeQXVyMjQwMDg0Ng@@._V1_.jpg,1255,703,person,696,23,1255,700
MV5BMDIyZmEzODItYzMxYi00NzVhLTg3YjEtNTdiZDYxNWViMDhhXkEyXkFqcGdeQXVyMjE4Mzg2OTg@._V1_.jpg,1440,817,person,144,96,733,814
MV5BMDIyZmEzODItYzMxYi00NzVhLTg3YjEtNTdiZDYxNWViMDhhXkEyXkFqcGdeQXVyMjE4Mzg2OTg@._V1_.jpg,1440,817,person,753,25,1185,817
MV5BMDNlOTZjY2ItODM0ZS00YjczLTgwMjItZDZhMzI0NWRhODAwXkEyXkFqcGdeQXVyMjE4Mzg2OTg@._V1_.jpg,1440,809,person,13,12,723,803
MV5BMDNlOTZjY2ItODM0ZS00YjczLTgwMjItZDZhMzI0NWRhODAwXkEyXkFqcGdeQXVyMjE4Mzg2OTg@._V1_.jpg,1440,809,person,782,142,1293,809
MV5BMjM0NGRkYjItNGE5NS00ODdhLWExOWYtM2I1ZWE3YjYzM2VkXkEyXkFqcGdeQXVyMjQwMDg0Ng@@._V1_.jpg,1024,683,person,40,68,564,659
MV5BMjM0NGRkYjItNGE5NS00ODdhLWExOWYtM2I1ZWE3YjYzM2VkXkEyXkFqcGdeQXVyMjQwMDg0Ng@@._V1_.jpg,1024,683,person,725,3,1024,683
MV5BMmQyMTE1MWItZDliNi00ZDE5LThkMmUtOGJkZDhlZTc0ZTY4XkEyXkFqcGdeQXVyNjkxMzgzODU@._V1_.jpg,560,415,person,10,34,273,396
MV5BMmQyMTE1MWItZDliNi00ZDE5LThkMmUtOGJkZDhlZTc0ZTY4XkEyXkFqcGdeQXVyNjkxMzgzODU@._V1_.jpg,560,415,person,226,26,515,413
MV5BMmRhMmNkZDItZDhiOC00MzNmLWFlZGEtMGY3NDk2MTQ3NTU2XkEyXkFqcGdeQXVyNjc5Mjg0NjU@._V1_SY1000_SX1500_AL_.jpg,1500,1000,person,838,208,1343,998
MV5BMTAwNTI0OTc4NjNeQTJeQWpwZ15BbWU4MDUzMDg1MjIx._V1_.jpg,594,334,person,87,11,270,334
MV5BMTAwNTI0OTc4NjNeQTJeQWpwZ15BbWU4MDUzMDg1MjIx._V1_.jpg,594,334,person,376,44,570,334
MV5BMTkyMTg4YTUtODhjYy00M2MxLWEwNjctOGU4NTAyNDgxMjllXkEyXkFqcGdeQXVyNjc5Mjg0NjU@._V1_SY1000_SX1500_AL_.jpg,1500,1000,person,517,230,772,974
MV5BMTkyMTg4YTUtODhjYy00M2MxLWEwNjctOGU4NTAyNDgxMjllXkEyXkFqcGdeQXVyNjc5Mjg0NjU@._V1_SY1000_SX1500_AL_.jpg,1500,1000,person,741,129,1141,985
MV5BMzNjNTFjZDUtMjJlZS00MzA1LTg4OGItY2QzZmQ5NmU2N2VlXkEyXkFqcGdeQXVyNjc5Mjg0NjU@._V1_SY1000_SX1500_AL_.jpg,1500,1000,person,559,111,1459,1000
MV5BN2I3MDk2YzEtYTU0OC00Y2QyLWIyMDAtODMyOTU1NTgxNTU4XkEyXkFqcGdeQXVyNjUxMjc1OTM@._V1_.jpg,1280,720,person,600,22,1278,715
MV5BN2I3MDk2YzEtYTU0OC00Y2QyLWIyMDAtODMyOTU1NTgxNTU4XkEyXkFqcGdeQXVyNjUxMjc1OTM@._V1_.jpg,1280,720,person,9,5,368,720
MV5BN2IzODZiNjctYTM2Ni00OTMzLWJiZmMtMTM5YzFmNGM1ZDc2XkEyXkFqcGdeQXVyNjc5Mjg0NjU@._V1_SY1000_SX1500_AL_.jpg,1500,1000,person,197,146,708,847
MV5BN2IzODZiNjctYTM2Ni00OTMzLWJiZmMtMTM5YzFmNGM1ZDc2XkEyXkFqcGdeQXVyNjc5Mjg0NjU@._V1_SY1000_SX1500_AL_.jpg,1500,1000,person,945,6,1495,1000
"MV5BNDdmY2ViMzUtYTcxNS00MWFkLTlmZjMtZjlkMzE4YmE5MzI5L2ltYWdlL2ltYWdlXkEyXkFqcGdeQXVyMzI3NTM1OQ@@._V1_SY1000_CR0,0,787,1000_AL_.jpg",787,1000,person,38,22,681,1000
MV5BNDkwYzk0Y2UtNmM1NC00MmJjLTg1NzctM2FkZjJmM2QzMjIyXkEyXkFqcGdeQXVyNjc5Mjg0NjU@._V1_SY1000_SX1500_AL_.jpg,1500,1000,person,591,70,1269,1000
MV5BNGJkZjY4MDAtODk1ZS00MTMzLWFlYjAtZmI1MjMwZmYwZWE1XkEyXkFqcGdeQXVyNjc5Mjg0NjU@._V1_SY1000_SX1500_AL_.jpg,1500,1000,person,30,88,598,999
MV5BNGJkZjY4MDAtODk1ZS00MTMzLWFlYjAtZmI1MjMwZmYwZWE1XkEyXkFqcGdeQXVyNjc5Mjg0NjU@._V1_SY1000_SX1500_AL_.jpg,1500,1000,person,766,93,1474,1000
MV5BNjAwZDllOTEtOGM0OS00ZTExLTg1NmYtYjNkNWFkMTVlYzE1XkEyXkFqcGdeQXVyNjc5Mjg0NjU@._V1_SY1000_SX1500_AL_.jpg,1500,1000,person,574,54,1049,907
"MV5BNjczOWJjOTUtNTc0ZS00ZmQyLWFmNzMtMTY4MGRjZjhhN2I5XkEyXkFqcGdeQXVyNjc5Mjg0NjU@._V1_SY1000_CR0,0,1435,1000_AL_.jpg",1435,1000,person,93,118,692,997
"MV5BNjczOWJjOTUtNTc0ZS00ZmQyLWFmNzMtMTY4MGRjZjhhN2I5XkEyXkFqcGdeQXVyNjc5Mjg0NjU@._V1_SY1000_CR0,0,1435,1000_AL_.jpg",1435,1000,person,854,137,1266,999
MV5BNmViYTQ3ZDYtNTFjYS00ZTJhLWFhNzctM2EyNjdmNzMwNTc2XkEyXkFqcGdeQXVyNjc5Mjg0NjU@._V1_SY999_SX666_AL_.jpg,666,999,person,80,41,595,999
MV5BNTI1ZGFjNjUtOGU5MS00MmQ3LTk0ZGUtMjk3ZDNlNzg4YjI1XkEyXkFqcGdeQXVyNjc5Mjg0NjU@._V1_SY999_SX666_AL_.jpg,666,999,person,135,142,517,999
MV5BNTNiOGQ5ZWYtMWU3Mi00NzI2LTllZTgtNDY3ZTFmYjliYTdmXkEyXkFqcGdeQXVyNjc5Mjg0NjU@._V1_SY1000_SX1500_AL_.jpg,1500,1000,person,300,221,744,997
MV5BNTNiOGQ5ZWYtMWU3Mi00NzI2LTllZTgtNDY3ZTFmYjliYTdmXkEyXkFqcGdeQXVyNjc5Mjg0NjU@._V1_SY1000_SX1500_AL_.jpg,1500,1000,person,712,100,1216,993
MV5BNTRiMTVhZDgtZWMzZi00M2YzLWI4YWQtYTE1ZTMxMzRhYmNkXkEyXkFqcGdeQXVyMjE4Mzg2OTg@._V1_.jpg,1440,816,person,293,86,604,816
MV5BNTRiMTVhZDgtZWMzZi00M2YzLWI4YWQtYTE1ZTMxMzRhYmNkXkEyXkFqcGdeQXVyMjE4Mzg2OTg@._V1_.jpg,1440,816,person,747,30,1080,816
MV5BNTRiMTVhZDgtZWMzZi00M2YzLWI4YWQtYTE1ZTMxMzRhYmNkXkEyXkFqcGdeQXVyMjE4Mzg2OTg@._V1_.jpg,1440,816,person,519,24,717,507
MV5BNTRiMTVhZDgtZWMzZi00M2YzLWI4YWQtYTE1ZTMxMzRhYmNkXkEyXkFqcGdeQXVyMjE4Mzg2OTg@._V1_.jpg,1440,816,person,136,25,302,635
MV5BNTRiMTVhZDgtZWMzZi00M2YzLWI4YWQtYTE1ZTMxMzRhYmNkXkEyXkFqcGdeQXVyMjE4Mzg2OTg@._V1_.jpg,1440,816,person,1025,34,1125,530
"MV5BNWM2OTQzMzgtNDRkOS00MjJhLWIxYmYtNzM5ZTM1MjBjYzkzXkEyXkFqcGdeQXVyMzI3NTM1OQ@@._V1_SX1777_CR0,0,1777,999_AL_.jpg",1777,999,person,524,61,1534,999
MV5BNzdmODYzOWQtZjU1ZC00NmE2LWIxMWMtOWQzOWZkOWE3ZjdjXkEyXkFqcGdeQXVyMjQwMDg0Ng@@._V1_.jpg,1334,749,person,187,62,759,740
MV5BNzdmODYzOWQtZjU1ZC00NmE2LWIxMWMtOWQzOWZkOWE3ZjdjXkEyXkFqcGdeQXVyMjQwMDg0Ng@@._V1_.jpg,1334,749,person,667,9,1116,748
"MV5BNzJkYjNmYWQtNDU0Mi00MDViLTg0MWUtOTRkMGVlYmY3YTgzXkEyXkFqcGdeQXVyNjc5Mjg0NjU@._V1_SY1000_CR0,0,1336,1000_AL_.jpg",1336,1000,person,216,78,685,997
"MV5BNzJkYjNmYWQtNDU0Mi00MDViLTg0MWUtOTRkMGVlYmY3YTgzXkEyXkFqcGdeQXVyNjc5Mjg0NjU@._V1_SY1000_CR0,0,1336,1000_AL_.jpg",1336,1000,person,823,137,1328,994
MV5BODk5MDg4YmItNTc1MC00YWY0LTlmY2YtNjcyMzY5YTdjY2YyXkEyXkFqcGdeQXVyNjc5Mjg0NjU@._V1_SY1000_SX1500_AL_.jpg,1500,1000,person,302,93,836,991
MV5BODk5MDg4YmItNTc1MC00YWY0LTlmY2YtNjcyMzY5YTdjY2YyXkEyXkFqcGdeQXVyNjc5Mjg0NjU@._V1_SY1000_SX1500_AL_.jpg,1500,1000,person,892,69,1310,999
MV5BODMwYjgyOTgtZGE4NC00YjExLWI0OTEtMjIyMjhhMDA5ODEyXkEyXkFqcGdeQXVyNjc5Mjg0NjU@._V1_SY1000_SX1500_AL_.jpg,1500,1000,person,335,90,872,988
MV5BODMwYjgyOTgtZGE4NC00YjExLWI0OTEtMjIyMjhhMDA5ODEyXkEyXkFqcGdeQXVyNjc5Mjg0NjU@._V1_SY1000_SX1500_AL_.jpg,1500,1000,person,940,268,1310,1000
MV5BOGQ5YzZhOGUtNDI0Ny00ZGFiLWI1NDItMTMyODdiNjMyZjUzXkEyXkFqcGdeQXVyNjc5Mjg0NjU@._V1_SY1000_SX1500_AL_.jpg,1500,1000,person,687,179,1386,994
MV5BOGQyNTJhMzMtNjQ3Zi00Y2EzLTllZmQtODE1N2I1MDIzMWJlXkEyXkFqcGdeQXVyMjQwMDg0Ng@@._V1_.jpg,1319,749,person,247,47,1017,749
MV5BOWIzNGM5YTQtZjk1Yi00ZjdjLWExNWItNTE2NmM1MzZlNDA0XkEyXkFqcGdeQXVyNjUxMjc1OTM@._V1_.jpg,1707,960,person,70,165,748,960
MV5BOWIzNGM5YTQtZjk1Yi00ZjdjLWExNWItNTE2NmM1MzZlNDA0XkEyXkFqcGdeQXVyNjUxMjc1OTM@._V1_.jpg,1707,960,person,544,30,1330,943
MV5BOWJkMWNjNjItMzc3ZC00MzNkLTg5YmYtNzk4NjZmMWYxMWRjXkEyXkFqcGdeQXVyNjU0NzUxOTk@._V1_SY1000_SX1500_AL_.jpg,1500,1000,person,89,68,772,1000
MV5BOWJkMWNjNjItMzc3ZC00MzNkLTg5YmYtNzk4NjZmMWYxMWRjXkEyXkFqcGdeQXVyNjU0NzUxOTk@._V1_SY1000_SX1500_AL_.jpg,1500,1000,person,807,153,1338,1000
MV5BY2JhOGQyNGEtZDhiZS00ZmRiLTk2NjQtMzRkY2U1YzlhOGIyXkEyXkFqcGdeQXVyNjUxMjc1OTM@._V1_.jpg,1707,960,person,483,509,794,960
MV5BY2JhOGQyNGEtZDhiZS00ZmRiLTk2NjQtMzRkY2U1YzlhOGIyXkEyXkFqcGdeQXVyNjUxMjc1OTM@._V1_.jpg,1707,960,person,838,56,1236,952
MV5BY2JhOGQyNGEtZDhiZS00ZmRiLTk2NjQtMzRkY2U1YzlhOGIyXkEyXkFqcGdeQXVyNjUxMjc1OTM@._V1_.jpg,1707,960,person,696,75,894,587
MV5BY2JhOGQyNGEtZDhiZS00ZmRiLTk2NjQtMzRkY2U1YzlhOGIyXkEyXkFqcGdeQXVyNjUxMjc1OTM@._V1_.jpg,1707,960,person,1319,58,1472,556
MV5BY2JhOGQyNGEtZDhiZS00ZmRiLTk2NjQtMzRkY2U1YzlhOGIyXkEyXkFqcGdeQXVyNjUxMjc1OTM@._V1_.jpg,1707,960,person,1265,10,1707,946
MV5BY2JhOGQyNGEtZDhiZS00ZmRiLTk2NjQtMzRkY2U1YzlhOGIyXkEyXkFqcGdeQXVyNjUxMjc1OTM@._V1_.jpg,1707,960,person,1,3,394,956
"MV5BYjg4MzNiYTYtNWViYy00Nzc4LWJlZWMtYWI3NjIyMDEyNDgxXkEyXkFqcGdeQXVyNzA2NzkwNTA@._V1_SX1777_CR0,0,1777,999_AL_.jpg",1777,999,person,120,145,491,941
"MV5BYjg4MzNiYTYtNWViYy00Nzc4LWJlZWMtYWI3NjIyMDEyNDgxXkEyXkFqcGdeQXVyNzA2NzkwNTA@._V1_SX1777_CR0,0,1777,999_AL_.jpg",1777,999,person,491,148,835,959
"MV5BYjg4MzNiYTYtNWViYy00Nzc4LWJlZWMtYWI3NjIyMDEyNDgxXkEyXkFqcGdeQXVyNzA2NzkwNTA@._V1_SX1777_CR0,0,1777,999_AL_.jpg",1777,999,person,898,90,1274,950
"MV5BYjg4MzNiYTYtNWViYy00Nzc4LWJlZWMtYWI3NjIyMDEyNDgxXkEyXkFqcGdeQXVyNzA2NzkwNTA@._V1_SX1777_CR0,0,1777,999_AL_.jpg",1777,999,person,1270,62,1698,946
MV5BYjJhYTRmZWYtYmZkOS00YTliLTgwMmItNDE0NWEzN2NlYzBlXkEyXkFqcGdeQXVyNjk1ODk0Mjk@._V1_.jpg,1366,768,person,440,38,832,729
MV5BYjJhYTRmZWYtYmZkOS00YTliLTgwMmItNDE0NWEzN2NlYzBlXkEyXkFqcGdeQXVyNjk1ODk0Mjk@._V1_.jpg,1366,768,person,800,67,1102,682
MV5BYjUyNTQxNmEtNWMxOC00NTllLTkyY2QtMTNiYjU5NGQ5MzBmXkEyXkFqcGdeQXVyMjAwMzU2MDY@._V1_.jpg,1000,672,person,124,77,255,555
MV5BYjUyNTQxNmEtNWMxOC00NTllLTkyY2QtMTNiYjU5NGQ5MzBmXkEyXkFqcGdeQXVyMjAwMzU2MDY@._V1_.jpg,1000,672,person,274,77,468,586
MV5BYjUyNTQxNmEtNWMxOC00NTllLTkyY2QtMTNiYjU5NGQ5MzBmXkEyXkFqcGdeQXVyMjAwMzU2MDY@._V1_.jpg,1000,672,person,477,65,675,600
MV5BYjUyNTQxNmEtNWMxOC00NTllLTkyY2QtMTNiYjU5NGQ5MzBmXkEyXkFqcGdeQXVyMjAwMzU2MDY@._V1_.jpg,1000,672,person,634,66,873,635
MV5BYmEzNGIzNzMtMDg5ZS00YWM2LWIyNDctN2QwZTZjMjE1ZjhkXkEyXkFqcGdeQXVyMjgyOTMzODU@._V1_.jpg,1272,716,person,172,47,994,651
MV5BYTBiMmVkYzgtYjU1NS00N2U0LThlYTYtMzI5YTNkNjEwN2FlXkEyXkFqcGdeQXVyNjk1ODk0Mjk@._V1_.jpg,1366,768,person,125,162,676,766
MV5BYTBiMmVkYzgtYjU1NS00N2U0LThlYTYtMzI5YTNkNjEwN2FlXkEyXkFqcGdeQXVyNjk1ODk0Mjk@._V1_.jpg,1366,768,person,756,38,1366,765
MV5BYTFhMjM1NzEtNTA3Mi00YWJmLTllMjgtNTQ2MzllZTU4NTZkXkEyXkFqcGdeQXVyMjE4Mzg2OTg@._V1_.jpg,1440,817,person,1,1,366,810
MV5BYTFhMjM1NzEtNTA3Mi00YWJmLTllMjgtNTQ2MzllZTU4NTZkXkEyXkFqcGdeQXVyMjE4Mzg2OTg@._V1_.jpg,1440,817,person,461,100,835,809
MV5BYTFhMjM1NzEtNTA3Mi00YWJmLTllMjgtNTQ2MzllZTU4NTZkXkEyXkFqcGdeQXVyMjE4Mzg2OTg@._V1_.jpg,1440,817,person,845,131,1187,814
MV5BYTkwZjEyMDktNGM0Yy00ZDhhLWE0NzgtMTVkYTcyMDQ1OTY2XkEyXkFqcGdeQXVyMjQwMDg0Ng@@._V1_.jpg,600,412,person,90,10,316,409
MV5BYTkwZjEyMDktNGM0Yy00ZDhhLWE0NzgtMTVkYTcyMDQ1OTY2XkEyXkFqcGdeQXVyMjQwMDg0Ng@@._V1_.jpg,600,412,person,285,14,566,408
MV5BYTQ3OGVlYzItNmRhMS00ZjdiLTljYTItOGUwYTQyZjE4MDFmXkEyXkFqcGdeQXVyMjE4Mzg2OTg@._V1_.jpg,1440,822,person,18,62,565,808
MV5BYTQ3OGVlYzItNmRhMS00ZjdiLTljYTItOGUwYTQyZjE4MDFmXkEyXkFqcGdeQXVyMjE4Mzg2OTg@._V1_.jpg,1440,822,person,769,109,1338,819
MV5BYTViYzUxNDMtYzNjZC00ODYyLThiM2EtNWE2ZmQ5Nzk3ZDI0XkEyXkFqcGdeQXVyNjc5Mjg0NjU@._V1_SY1000_SX1500_AL_.jpg,1500,1000,person,167,151,615,738
MV5BYTViYzUxNDMtYzNjZC00ODYyLThiM2EtNWE2ZmQ5Nzk3ZDI0XkEyXkFqcGdeQXVyNjc5Mjg0NjU@._V1_SY1000_SX1500_AL_.jpg,1500,1000,person,866,114,1336,997
MV5BYWUxMzkxYWEtYmE5MS00ZWU4LWFlZGEtMzJmYjQzMjE3NDQxXkEyXkFqcGdeQXVyNjc5Mjg0NjU@._V1_SY1000_SX1500_AL_.jpg,1500,1000,person,120,241,691,763
MV5BYWUxMzkxYWEtYmE5MS00ZWU4LWFlZGEtMzJmYjQzMjE3NDQxXkEyXkFqcGdeQXVyNjc5Mjg0NjU@._V1_SY1000_SX1500_AL_.jpg,1500,1000,person,946,295,1277,759
MV5BYzAyMjAwZGMtMTY1OS00NzY4LTg2ZmUtYjNkODlmMWYxYTU3XkEyXkFqcGdeQXVyNjUxMjc1OTM@._V1_.jpg,1280,720,person,565,52,1126,718
MV5BYzAyMjAwZGMtMTY1OS00NzY4LTg2ZmUtYjNkODlmMWYxYTU3XkEyXkFqcGdeQXVyNjUxMjc1OTM@._V1_.jpg,1280,720,person,79,6,542,717
MV5BYzAyMjAwZGMtMTY1OS00NzY4LTg2ZmUtYjNkODlmMWYxYTU3XkEyXkFqcGdeQXVyNjUxMjc1OTM@._V1_.jpg,1280,720,person,1,2,91,300
MV5BYzM3MjRkYWQtOWM1Ny00ZTRmLTg3ZTYtMmU2OGZlNTFkYWZlXkEyXkFqcGdeQXVyMjAwMzU2MDY@._V1_.jpg,809,598,person,96,54,275,598
MV5BYzM3MjRkYWQtOWM1Ny00ZTRmLTg3ZTYtMmU2OGZlNTFkYWZlXkEyXkFqcGdeQXVyMjAwMzU2MDY@._V1_.jpg,809,598,person,411,105,745,597
MV5BZGU5ZjBlOWYtZjllYi00MjQ3LWJmODAtYzk4MWYwN2ZmNTRhXkEyXkFqcGdeQXVyMjE4Mzg2OTg@._V1_.jpg,1440,811,person,211,78,577,811
MV5BZjE4NTc5NTEtZDM5Yy00NDIwLTg5YzktYzFhYmFmMjZmZWZhXkEyXkFqcGdeQXVyNjUxMjc1OTM@._V1_.jpg,1376,800,person,436,241,724,582
MV5BZjE4NTc5NTEtZDM5Yy00NDIwLTg5YzktYzFhYmFmMjZmZWZhXkEyXkFqcGdeQXVyNjUxMjc1OTM@._V1_.jpg,1376,800,person,574,148,758,447
MV5BZjE4NTc5NTEtZDM5Yy00NDIwLTg5YzktYzFhYmFmMjZmZWZhXkEyXkFqcGdeQXVyNjUxMjc1OTM@._V1_.jpg,1376,800,person,727,36,1224,800
MV5BZjE4NTc5NTEtZDM5Yy00NDIwLTg5YzktYzFhYmFmMjZmZWZhXkEyXkFqcGdeQXVyNjUxMjc1OTM@._V1_.jpg,1376,800,person,1185,95,1341,349
MV5BZjMyMThjNGQtYjU5Ni00ZGNkLWIxMDEtODA1MzBmNzM1YmI2XkEyXkFqcGdeQXVyMjE4Mzg2OTg@._V1_.jpg,1440,818,person,365,39,805,813
MV5BZjMyMThjNGQtYjU5Ni00ZGNkLWIxMDEtODA1MzBmNzM1YmI2XkEyXkFqcGdeQXVyMjE4Mzg2OTg@._V1_.jpg,1440,818,person,833,210,1172,812
MV5BZjRhZDRhMTItMWE0OC00OTUwLTgwNGMtMGVkMDQwZWFkNjdjXkEyXkFqcGdeQXVyNjc5Mjg0NjU@._V1_SY1000_SX1500_AL_.jpg,1500,1000,person,465,67,650,848
MV5BZjRhZDRhMTItMWE0OC00OTUwLTgwNGMtMGVkMDQwZWFkNjdjXkEyXkFqcGdeQXVyNjc5Mjg0NjU@._V1_SY1000_SX1500_AL_.jpg,1500,1000,person,687,39,965,869
"MV5BZjUxMGYwNTQtNGEyYi00N2FhLTk0MjQtNmMwYTRlYTYyMTFlXkEyXkFqcGdeQXVyNjc5Mjg0NjU@._V1_SY1000_CR0,0,1198,1000_AL_.jpg",1198,1000,person,84,88,741,918
"MV5BZjUxMGYwNTQtNGEyYi00N2FhLTk0MjQtNmMwYTRlYTYyMTFlXkEyXkFqcGdeQXVyNjc5Mjg0NjU@._V1_SY1000_CR0,0,1198,1000_AL_.jpg",1198,1000,person,526,116,1195,996
"MV5BZjUzYzMyMDUtZDdjZC00M2UwLThlODgtMWZhZDc3NGUzNDcxXkEyXkFqcGdeQXVyNjc5Mjg0NjU@._V1_SY1000_CR0,0,1404,1000_AL_.jpg",1404,1000,person,230,147,725,895
"MV5BZjUzYzMyMDUtZDdjZC00M2UwLThlODgtMWZhZDc3NGUzNDcxXkEyXkFqcGdeQXVyNjc5Mjg0NjU@._V1_SY1000_CR0,0,1404,1000_AL_.jpg",1404,1000,person,713,84,1083,899
MV5BZjVjMTgyYzctOWUxYy00MGZjLWExZWUtNWVhZjczNzFhYWQyXkEyXkFqcGdeQXVyNjc5Mjg0NjU@._V1_SY1000_SX1500_AL_.jpg,1500,1000,person,466,226,1122,1000
MV5BZmE3Yjk1MmItNDA4Ni00ZjE4LTk0ZDUtNDU2YzBiYzQzYzVjXkEyXkFqcGdeQXVyNjc5Mjg0NjU@._V1_SY1000_SX1500_AL_.jpg,1500,1000,person,99,32,754,985
MV5BZmE3Yjk1MmItNDA4Ni00ZjE4LTk0ZDUtNDU2YzBiYzQzYzVjXkEyXkFqcGdeQXVyNjc5Mjg0NjU@._V1_SY1000_SX1500_AL_.jpg,1500,1000,person,791,27,1404,994
MV5BZmRkMzA5ZDctNGY5ZC00OGQwLThhZDgtODU1MGMyMDMxYmI4XkEyXkFqcGdeQXVyNjc5Mjg0NjU@._V1_SY999_SX666_AL_.jpg,666,999,person,22,105,666,816
MV5BZTc5ZjhkOGYtMTQ4Mi00YzRhLTlkN2QtYWMwZDY5OTc1ZDE1XkEyXkFqcGdeQXVyMjE4Mzg2OTg@._V1_.jpg,1440,824,person,353,26,1033,821
MV5BZTE1ZmEyMmYtNGExMS00NTQ1LTg3YjAtZDgyM2FjNzQ0YTE0XkEyXkFqcGdeQXVyNTI4MjkxMDE@._V1_.jpg,570,570,person,162,49,293,483
MV5BZTE1ZmEyMmYtNGExMS00NTQ1LTg3YjAtZDgyM2FjNzQ0YTE0XkEyXkFqcGdeQXVyNTI4MjkxMDE@._V1_.jpg,570,570,person,272,58,417,480
MV5BZTM3YzVhYzMtY2ExMC00NzIxLTg2NzEtOWYzZDc3ODc0NmRjXkEyXkFqcGdeQXVyNjc5Mjg0NjU@._V1_SY1000_SX1500_AL_.jpg,1500,1000,person,109,135,597,1000
MV5BZTM3YzVhYzMtY2ExMC00NzIxLTg2NzEtOWYzZDc3ODc0NmRjXkEyXkFqcGdeQXVyNjc5Mjg0NjU@._V1_SY1000_SX1500_AL_.jpg,1500,1000,person,556,54,920,999
MV5BZTM3YzVhYzMtY2ExMC00NzIxLTg2NzEtOWYzZDc3ODc0NmRjXkEyXkFqcGdeQXVyNjc5Mjg0NjU@._V1_SY1000_SX1500_AL_.jpg,1500,1000,person,900,128,1239,990
MV5BZTNiMjQwODMtMzk3Yi00NzQ3LTg2YzctYmIzM2RjNDVmNzQyXkEyXkFqcGdeQXVyMjE4Mzg2OTg@._V1_.jpg,1440,821,person,93,73,766,821
MV5BZTNiMjQwODMtMzk3Yi00NzQ3LTg2YzctYmIzM2RjNDVmNzQyXkEyXkFqcGdeQXVyMjE4Mzg2OTg@._V1_.jpg,1440,821,person,677,48,1438,817
"MV5BZTU1MzFhODItMjk2OS00OTUzLTkzZGQtMDk0YmMxZjk1NjFmXkEyXkFqcGdeQXVyNjc5Mjg0NjU@._V1_SY1000_CR0,0,1688,1000_AL_.jpg",1688,1000,person,266,174,1056,790
"MV5BZTU1MzFhODItMjk2OS00OTUzLTkzZGQtMDk0YmMxZjk1NjFmXkEyXkFqcGdeQXVyNjc5Mjg0NjU@._V1_SY1000_CR0,0,1688,1000_AL_.jpg",1688,1000,person,1083,213,1657,765
MV5BZWExNGJhYzEtYjY5ZC00ZmZkLWE2YmYtZGI5ZTE0YzM3ZDFkXkEyXkFqcGdeQXVyNjc5Mjg0NjU@._V1_SY1000_SX1500_AL_.jpg,1500,1000,person,184,236,888,996
MV5BZWExNGJhYzEtYjY5ZC00ZmZkLWE2YmYtZGI5ZTE0YzM3ZDFkXkEyXkFqcGdeQXVyNjc5Mjg0NjU@._V1_SY1000_SX1500_AL_.jpg,1500,1000,person,770,72,1499,997
"MV5BZWNmNmRmZTgtNDZhYi00ZDJiLTgzMzItNGU4MmI0ODUyMTA1XkEyXkFqcGdeQXVyNjc5Mjg0NjU@._V1_SX682_CR0,0,682,999_AL_.jpg",682,999,person,77,72,680,599
